fecha,cetes28,tc_fix,expectativa,m1,m2,reservas,tiie28,tiie91,tasa_obj,spread_tiie,remesas,vix,fed_funds,petroleo,precio_maiz,precio_trigo
2004-01-01,4.952500000000001,10.960674193548387,NA,811975918.02,2339289328.74,57743.82,5.304519047619047,5.55,NA,0.24548095238095247,NA,16.1,1,34.31,116.2455882936508,147.2896123809525
2004-02-01,5.57,11.018503448275862,NA,804429647.41,2285732239.36,58855.125,5.870442105263158,6.07125,NA,0.20080789473684213,NA,16,1.01,34.68,122.9324291353384,141.7338594736842
2004-03-01,6.2775,10.997829032258064,NA,796861660.49,2312217167.1,58729.35,6.467447826086956,6.499,NA,0.031552173913043546,NA,17.69,1,36.74,128.4601948757764,142.548725
2004-04-01,5.98,11.242646666666667,NA,799774807.43,2306755672.89,58447.88,6.178555,6.395,NA,0.21644499999999933,NA,15.7,1,36.75,133.439499659864,146.0648234920634
2004-05-01,6.5925,11.507774193548387,NA,816684885.43,2291715362.93,58356.325,6.968857142857143,7.3075,NA,0.33864285714285725,NA,17.71,1,40.28,129.2852157142858,143.1842673684211
2004-06-01,6.57,11.37502,NA,849498926.4,2336357856.3,58522.350000000006,7.040531818181818,7.625,NA,0.584468181818182,NA,15.34,1.03,38.03,123.2787510204081,136.8614098412698
2004-07-01,6.8100000000000005,11.4764,NA,830657826.8,2300126954.37,58456.62,7.118459090909091,7.59875,NA,0.4802909090909093,NA,15.5,1.26,40.78,104.4944887755102,132.387431
2004-08-01,7.2125,11.3992,NA,824501677.8,2300666021.32,57659.35,7.510413636363636,7.8397,NA,0.32928636363636343,NA,16.68,1.43,44.9,104.0931375,122.05578
2004-09-01,7.36,11.492563333333333,NA,832481290.24,2340295311.71,57448.75,7.796785714285714,8.056000000000001,NA,0.25921428571428695,NA,14.08,1.61,45.94,97.7269052721088,126.8207655
2004-10-01,7.7575,11.390554838709678,4.11,844900914.89,2379130413.89,57758.54,8.055319047619047,8.4575,NA,0.4021809523809523,NA,14.97,1.76,53.28,93.41514846938772,123.0562893650794
2004-11-01,8.2025,11.383226666666667,4.170000000000001,865986082.27,2432524755.2,58484.95,8.624509090909092,8.85,NA,0.22549090909090808,NA,13.58,1.93,48.47,93.75851033834596,127.1330866666666
2004-12-01,8.501999999999999,11.207690322580646,4.2,946312797.12,2493275017.56,61018.56,8.936095652173913,9.03,NA,0.09390434782608637,NA,12.46,2.16,43.15,95.60852040816332,123.5545730434783
2005-01-01,8.602500000000001,11.260674193548386,4.109999999999999,908035091.58,2467608911.81,61586.525,8.983571428571429,9.03125,NA,0.04767857142857146,NA,13.44,2.28,46.84,96.03875875000004,122.7789621666666
2005-02-01,9.1475,11.14702857142857,4.24,903986453.66,2446272628.51,61525.600000000006,9.48775,9.59125,NA,0.10350000000000037,NA,11.71,2.5,48.15,94.35939360902258,123.129960877193
2005-03-01,9.408,11.138735483870969,4.130000000000001,890367065.1,2468978149.82,61752.075,9.78975,9.98,NA,0.1902500000000007,NA,13.13,2.63,54.19,100.0140110544218,129.9556683333334
2005-04-01,9.625,11.126686666666666,4.11,890894217.5,2476323493.3,60623.82,10.022142857142857,10.223749999999999,NA,0.2016071428571422,NA,14.46,2.79,52.98,96.470871768707525,120.0643050793651
2005-05-01,9.75,10.989083870967741,4.08,892003008.77,2461296990.33,59882.7,10.118636363636364,10.21,NA,0.09136363636363676,NA,13.97,3,49.83,95.364812414966,119.1544619047619
2005-06-01,9.626,10.831016666666667,4.2,929955320.62,2510152999.12,60493.4,10.0075,10.012,NA,0.0045000000000001705,NA,11.87,3.04,56.35,97.61527678571429,122.4733216666667
2005-07-01,9.6125,10.690570967741936,4.09,924866787.16,2530217232.75,59270.96,10.016666666666667,10.03125,NA,0.014583333333332504,NA,11.05,3.26,59,105.6642871428571,130.1644391666666
2005-08-01,9.594999999999999,10.667664516129033,4,916392444.46,2548081745.29,59284.475,9.974130434782609,9.962,NA,-0.012130434782609001,NA,12.95,3.5,64.99,99.28663642857136,131.558302173913
2005-09-01,9.214,10.780283333333333,3.87,924600729.52,2583841432.61,61373.479999999996,9.634761904761906,9.3825,NA,-0.25226190476190524,NA,12.63,3.62,65.59,97.07076836734691,137.3863193650793
2005-10-01,8.9075,10.838609677419354,3.77,934761855.49,2646976727.23,62434.575,9.399166666666666,9.247499999999999,NA,-0.15166666666666728,NA,14.94,3.78,62.26,101.5512460884354,143.0728392063492
2005-11-01,8.705,10.68757,3.67,962288428.07,2686753941.24,65201.075,9.154545454545454,9.094,NA,-0.0605454545454549,NA,12.15,4,58.32,95.9797064285714,136.3539973015872
2005-12-01,8.222,10.615193548387097,3.6,1068139311.81,2847571535.94,67355.28,8.701309523809524,8.57625,NA,-0.125059523809524,NA,11.26,4.16,59.41,102.6760522108844,139.99337
2006-01-01,7.88,10.569638709677418,3.51,1019917763.22,2844250762.1,69197.05,8.391136363636363,8.1625,NA,-0.22863636363636353,NA,12.04,4.29,65.49,102.7904075000001,144.5679565
2006-02-01,7.6075,10.484257142857142,3.38,1012587330.29,2877334284.26,67234.675,7.950921052631579,7.925,NA,-0.0259210526315794,NA,12.47,4.49,61.63,106.9365020676692,158.8873501754386
2006-03-01,7.366,10.69771935483871,3.5099999999999993,1032942319.58,2980422003.71,67427.7,7.668068181818182,7.78,NA,0.11193181818181852,NA,11.69,4.59,62.69,104.9520803571429,155.7931466666667
2006-04-01,7.17,11.029943333333334,3.64,1042284481.29,3048483722.49,69116.875,7.499722222222222,7.7212499999999995,NA,0.22152777777777732,NA,11.85,4.79,69.44,107.9103473684211,161.2080028070176
2006-05-01,7.0175,11.071516129032258,3.71,1047836110.72,3033323264.42,73174.75,7.321136363636364,7.6,NA,0.27886363636363587,NA,14.45,4.94,70.84,110.6246821428572,176.6034233333333
2006-06-01,7.02,11.387023333333333,3.69,1096855213.04,3072939062.92,76914.46,7.332727272727273,7.68875,NA,0.35602272727272677,NA,16.92,4.99,70.95,109.612356632653,176.920755
2006-07-01,7.0325,11.039216129032258,3.600000000000001,1091461936,3008830705.47,78230.6,7.3116666666666665,7.57125,NA,0.2595833333333335,NA,15.33,5.24,74.41,114.3056101785715,181.3483668333334
2006-08-01,7.032,10.876170967741936,3.63,1060740929.9,2985924210.35,71775.3,7.2992,7.477,NA,0.1778000000000004,NA,13.35,5.25,73.04,115.2772892857144,165.1293783333334
2006-09-01,7.055,10.975583333333333,3.63,1074176150.72,2996147269.42,66382.36,7.309933333333333,7.50125,NA,0.19131666666666636,NA,12.18,5.25,63.8,120.2698946428572,164.9423196666666
2006-10-01,7.05,10.912448387096774,NA,1067786693.33,3001393661.65,68016.54999999999,7.312422727272727,7.6530000000000005,NA,0.34057727272727334,NA,11.31,5.25,58.89,142.2624107142858,182.432305
2006-11-01,7.042,10.87905,3.460000000000001,1117490223.87,3029332576.91,68920.28,7.3031,7.609375,NA,0.3062750000000003,NA,10.82,5.25,59.08,164.10640125,182.3010776190477
2006-12-01,7.035,10.87084193548387,3.47,1218196212.24,3203214574.58,69072.55,7.340977777777778,7.6,NA,0.2590222222222218,NA,10.96,5.24,61.96,160.7207348214285,179.5295553333334
2007-01-01,7.035,10.93192258064516,3.5500000000000003,1145328847.8,3157546038.74,67968.85,7.408931818181818,7.67774,NA,0.2688081818181818,NA,11.04,5.25,54.51,165.1600189849624,172.5666305
2007-02-01,7.04,10.981975,3.62,1130788211.26,3182388231.79,68383.04999999999,7.4569052631578945,7.6675,NA,0.21059473684210595,NA,11.16,5.26,59.28,177.3848855263158,175.26729
2007-03-01,7.044,11.122367741935484,3.5799999999999996,1144618543.28,3208342307.05,69182.87999999999,7.455152380952381,7.6720749999999995,NA,0.21692261904761878,NA,15.16,5.26,60.44,169.5832697278912,173.313195
2007-04-01,7.005,10.990806666666666,3.66,1126302579.39,3168402699.42,69324.925,7.479542105263158,7.61095,NA,0.13140789473684222,NA,12.93,5.25,63.98,152.6305667857144,178.5558481666666
2007-05-01,7.236,10.83582258064516,3.62,1132230566.37,3202547654.74,69657.15,7.699831818181818,7.8265,NA,0.1266681818181823,NA,13.3,5.25,63.45,160.1391589285714,178.0063633333333
2007-06-01,7.195,10.835186666666667,3.670000000000001,1173513683.56,3257091853.83,69700.76,7.703733333333333,7.81875,NA,0.11501666666666654,NA,14.95,5.25,67.49,164.5372644841271,206.5169036507937
2007-07-01,7.1850000000000005,10.799593548387097,3.7399999999999998,1162624880.72,3244411351.69,70423.90000000001,7.704354545454546,7.784575,NA,0.08022045454545434,NA,17.27,5.26,74.12,147.2164013157895,222.0017346031745
2007-08-01,7.204000000000001,11.042429032258065,3.6399999999999992,1172696609.4,3321093758.58,71075.52,7.708760869565217,7.7884,NA,0.07963913043478321,NA,25.03,5.02,72.36,151.0307857142857,240.686992173913
2007-09-01,7.205,11.037616666666667,3.6999999999999993,1198792697.74,3330380292.82,72542.6,7.703385,7.765,NA,0.06161499999999975,NA,22.2,4.94,79.91,160.1250315789473,297.9524591228071
2007-10-01,7.2,10.840632258064517,3.7499999999999996,1178607329.02,3364182525.15,74521.95,7.743260869565217,7.829,NA,0.08573913043478232,NA,19.12,4.76,85.8,164.1141037267081,303.6304907246377
2007-11-01,7.438,10.858213333333333,3.8499999999999996,1212874657.8,3425921997.93,76182.22,7.9340150000000005,8.005875,NA,0.07185999999999915,NA,25.58,4.49,94.77,171.113943392857,286.495618095238
2007-12-01,7.4375,10.852058064516129,3.88,1349790076.05,3559334855.97,77347.075,7.931768421052632,7.99875,NA,0.06698157894736845,NA,21.65,4.24,91.69,180.2832636554621,339.2256959259258
2008-01-01,7.4159999999999995,10.917406451612903,3.6399999999999997,1267859659.32,3559901990.45,79212.625,7.925363636363636,7.991499999999999,7.5,0.066136363636363,NA,25.82,3.94,92.97,206.5588043233083,336.1170650793652
2008-02-01,7.4275,10.784613793103448,3.6199999999999997,1253250278.98,3553857620.12,80457.26,7.928755,7.934375,7.5,0.0056200000000004025,NA,25.46,2.98,95.39,220.0475977443609,393.8737348333333
2008-03-01,7.4325,10.730854838709677,3.5899999999999994,1231223441.47,3541257666.35,82611.85,7.9321777777777775,7.94125,7.5,0.009072222222222592,NA,27.1,2.61,105.45,233.9259292857142,403.8128966666666
2008-04-01,7.442,10.525563333333332,3.63,1231574620.23,3568563980.33,84370.575,7.934954545454546,7.9585,7.5,0.023545454545454092,NA,21.56,2.28,112.58,246.6418625000001,326.8516166666667
2008-05-01,7.4375,10.458041935483871,3.6999999999999993,1235484204.87,3645158792.41,84824.5,7.932128571428572,7.9578,7.5,0.025671428571428123,NA,18.3,1.98,125.4,243.5317735714286,288.4202863492064
2008-06-01,7.555,10.328616666666667,3.75,1242487026.91,3649332257.16,85274.85,8.014561904761905,8.099375,7.583333333333333,0.08481309523809522,NA,22.11,2,133.88,287.1320708928572,314.1583500000001
2008-07-01,7.926,10.237609677419355,3.8700000000000006,1232771264.47,3665262001.41,84466.9,8.294391304347826,8.4877,7.858695652173913,0.19330869565217412,NA,24.32,2.01,133.37,267.1414540816327,299.42748
2008-08-01,8.1775,10.091964516129032,4.26,1235888354.38,3625451381.96,79080.06,8.568095238095237,8.712857142857143,8.130952380952381,0.1447619047619053,NA,20.7,2,116.67,235.1594666666667,304.1640726666666
2008-09-01,8.165,10.60434,4.21,1240044574.03,3652276006.05,82154.625,8.660833333333333,8.743095238095238,8.25,0.08226190476190531,NA,30.24,1.81,104.11,233.9456133928573,263.0496593650794
2008-10-01,7.742,12.489474193548388,4.2299999999999995,1280698618.45,3773233845.26,78319.66,8.679021739130436,8.760434782608696,8.25,0.0814130434782605,NA,61.18,0.97,76.61,183.0247028911565,202.7749350000001
2008-11-01,7.43,13.09469,4.19,1336988461.98,3805039176.54,81589.725,8.733421052631579,8.829078947368421,8.25,0.09565789473684205,NA,62.67,0.39,57.31,164.3044002100839,194.1146296078431
2008-12-01,8.016,13.373629032258064,4.21,1482728231.73,3972390752.19,84818.55,8.738809523809524,8.811838095238095,8.25,0.073028571428571,NA,52.41,0.16,41.12,158.9097969642857,188.8449496825397
2009-01-01,7.59,13.86394193548387,3.9700000000000006,1416248741.61,3983477995.86,84498.72,8.386109523809523,8.380604761904761,7.991935483870968,-0.005504761904761679,NA,44.68,0.15,41.71,173.2951299319728,211.2760833333333
2009-02-01,7.1175,14.502185714285714,4.17,1420748804.13,3987232481.21,81158.65,7.9273842105263155,7.852573684210526,7.669642857142857,-0.07481052631578944,NA,45.57,0.22,39.09,163.3999605158729,195.2249026315789
2009-03-01,7.0325,14.720825806451613,4.18,1403282962.59,3974376380.16,79693.975,7.604404761904762,7.503633333333333,7.209677419354839,-0.10077142857142896,NA,44.8,0.18,47.94,164.5770303571428,199.1005683333334
2009-04-01,6.046,13.47903,4.13,1394809715.59,3969889246.03,77727.46,6.631865,6.451635,6.4,-0.18023000000000078,NA,38.06,0.15,49.65,168.795905442177,200.8876466666667
2009-05-01,5.2925,13.250651612903226,4.129999999999999,1405502623.64,3929565412.89,76175.475,5.741205,5.613765,5.588709677419355,-0.12744,NA,31.98,0.18,59.03,180.0702121428572,227.186091
2009-06-01,4.9775,13.343736666666667,3.9699999999999998,1412155201.19,3970812164.59,74489.525,5.245095454545455,5.166704545454546,5.05,-0.07839090909090896,NA,29.14,0.21,69.64,179.3937946428571,227.3146938333333
2009-07-01,4.59,13.366793548387097,3.95,1416052316.15,3991646290.6,73646.64,4.90974347826087,4.903413043478261,4.629032258064516,-0.0063304347826091956,NA,26.16,0.16,64.15,151.8002553571427,195.3259916666666
2009-08-01,4.485,13.013935483870968,4.090000000000001,1406616186.43,3894463302.74,73930.85,4.888695238095238,4.955290476190476,4.5,0.06659523809523815,NA,25.34,0.16,71.04,152.0362942176871,179.5540511111111
2009-09-01,4.4825,13.407566666666666,4.1499999999999995,1408923740.3,3913068198.43,76536.225,4.913719047619048,5.007642857142857,4.5,0.09392380952380908,NA,24.93,0.15,69.41,150.5927930272108,156.9304506349206
2009-10-01,4.512,13.252590322580645,4.33,1456830289.17,3968328795.1,79501.56,4.925277272727273,5.024404545454545,4.5,0.09912727272727206,NA,24.25,0.12,75.72,167.2791214285714,163.7264383333332
2009-11-01,4.5075,13.13145,4.760000000000001,1481480152.23,3982432847.35,80878.15,4.931431578947368,5.075615789473684,4.5,0.14418421052631558,NA,23.79,0.12,77.99,171.6868545112783,177.6072814035088
2009-12-01,4.502,12.85556129032258,4.890000000000001,1613450000.14,4130781440.26,87609.18,4.929845454545455,5.074836363636363,4.5,0.14499090909090828,NA,21.24,0.12,74.47,164.6128196428572,171.1554987301588
2010-01-01,4.4925,12.832629032258064,4.489999999999999,1547730010.14,4081855490.04,91520.75,4.907375,5.05159,4.5,0.14421499999999998,NA,20.64,0.11,78.33,167.3356308270676,167.8218628070175
2010-02-01,4.485,12.961846428571429,4.22,1517869613.5,4094608048.47,93780.675,4.9205,5.0281473684210525,4.5,0.10764736842105282,NA,22.54,0.13,76.39,161.9069612781955,160.1615603703704
2010-03-01,4.448,12.604651612903226,4.05,1524673468.98,4032744721.84,94882.74,4.922159090909091,5.023413636363636,4.5,0.10125454545454549,NA,17.77,0.16,81.2,158.9277694099379,156.4641179710145
2010-04-01,4.4375,12.262080000000001,4.04,1503990111.83,4019684814.78,97095.675,4.93839,5.02648,4.5,0.08809000000000022,NA,17.42,0.2,84.29,157.2666426870748,156.8254687301588
2010-05-01,4.515000000000001,12.682467741935485,4.15,1526831442.17,4093547244.14,98042.3,4.944238095238095,5.0372,4.5,0.09296190476190525,NA,31.93,0.2,73.74,163.2403005357142,158.3284596666667
2010-06-01,4.59,12.718183333333334,4.129999999999999,1557126004.7,4132719561.04,99150.04999999999,4.936518181818181,5.014345454545454,4.5,0.07782727272727286,NA,29.92,0.18,75.34,152.8739339285714,149.21269
2010-07-01,4.593999999999999,12.833406451612904,4.159999999999999,1562707323.63,4152034064.13,102885.4,4.9188363636363635,5.008277272727272,4.5,0.08944090909090896,NA,25.57,0.18,76.32,163.9217455782313,182.7385022222222
2010-08-01,4.5175,12.729522580645162,4.07,1561715860.71,4231955534.09,106111.925,4.902390909090909,4.987222727272727,4.5,0.08483181818181862,NA,24.75,0.19,76.6,175.6001303571429,219.8774416666667
2010-09-01,4.426,12.86421,4.01,1575903553.54,4193951327.16,107202,4.90163,4.9808,4.5,0.0791700000000004,NA,22.52,0.19,75.24,205.8395204081632,240.4321828333334
2010-10-01,4.025,12.455687096774193,3.8299999999999996,1581896026.8,4294427496,109455.64,4.868647619047619,4.951204761904762,4.5,0.08255714285714344,NA,20.37,0.19,81.89,235.7031229591837,234.5995631746031
2010-11-01,3.9699999999999998,12.31381,3.7600000000000002,1627355714.16,4297482580.87,110515.475,4.867665,4.92067,4.5,0.053005000000000635,NA,20.1,0.19,84.25,238.23674875,241.8401333333334
2010-12-01,4.304,12.400580645161291,3.730000000000001,1831591444.5,4442009701.88,112193.56,4.886369565217391,4.954434782608696,4.5,0.06806521739130478,NA,17.57,0.18,89.15,250.6255508503401,274.4568181666668
2011-01-01,4.135,12.153206451612903,3.7700000000000005,1728772137.61,4431859293.31,117364.425,4.8578,4.914985714285715,4.5,0.05718571428571462,NA,17.32,0.17,89.17,265.2855239795918,295.9886068333333
2011-02-01,4.0424999999999995,12.077121428571429,3.8099999999999996,1723622268.89,4441379303.5,119579.175,4.841326315789474,4.883121052631579,4.5,0.041794736842104996,NA,17.43,0.16,88.58,293.3967969924812,317.6006514035087
2011-03-01,4.268,12.019170967741935,3.74,1734597226.24,4444644901.49,121981.5,4.839772727272727,4.870863636363636,4.5,0.031090909090909058,NA,20.72,0.14,102.86,290.4347217391303,285.3758111111111
2011-04-01,4.2775,11.755363333333333,3.84,1742346199.77,4476820113.73,124226.1,4.846447368421052,4.882126315789474,4.5,0.03567894736842181,NA,16.24,0.1,109.53,318.9387760204081,307.2544084210527
2011-05-01,4.31,11.652335483870967,4.0200000000000005,1725414014.59,4470236062.3,126541.475,4.848631818181818,4.884827272727272,4.5,0.03619545454545392,NA,16.91,0.09,100.9,308.5752214285714,307.1945503174603
2011-06-01,4.372,11.80157,4.06,1786661865.37,4527262924.48,129309.15,4.8444,4.8897545454545455,4.5,0.0453545454545452,NA,19.15,0.09,96.26,310.5364742857143,285.29787
2011-07-01,4.140000000000001,11.670693548387097,3.9299999999999997,1773596721.24,4565834754.97,131608.6,4.8192,4.857619047619048,4.5,0.038419047619047575,NA,19.23,0.07,97.3,300.8322094642856,271.4622093333333
2011-08-01,4.0525,12.2,4.029999999999999,1770802580.29,4608944108.85,135343.675,4.80745652173913,4.849347826086957,4.5,0.04189130434782662,NA,35.03,0.1,86.33,310.3071116459627,288.6883083333334
2011-09-01,4.228,12.923406666666667,3.9299999999999997,1878140343.69,4631368842.8,136797.14,4.777204761904762,4.799380952380952,4.5,0.02217619047619035,NA,36.53,0.08,85.52,296.2994964285715,272.340557936508
2011-10-01,4.359999999999999,13.468677419354838,3.8,1860381606.26,4722292965.65,139052.175,4.7951,4.807785714285714,4.5,0.012685714285714411,NA,32.83,0.07,86.32,274.8463760204082,251.5891347619049
2011-11-01,4.35,13.637123333333333,3.6799999999999997,1896333581.99,4786314213.94,140099.25,4.7996099999999995,4.80763,4.5,0.008020000000000138,NA,31.94,0.08,97.16,274.2783489285714,244.5378501587302
2011-12-01,4.338,13.748129032258065,3.67,2081526297.8,4960125962.8,141391.7,4.798347619047619,4.809319047619048,4.5,0.010971428571428632,NA,25.05,0.07,98.56,258.5179404761905,236.0596865
2012-01-01,4.2725,13.488016129032259,3.63,1977024819,4963954576.84,145201.15,4.786813636363636,4.797240909090909,4.5,0.01042727272727273,NA,20.23,0.08,100.27,272.9201455357144,243.7023691666668
2012-02-01,4.3225,12.803558620689655,3.6100000000000003,1938067672.56,4967753450.37,147966.7,4.78389,4.797825,4.5,0.013934999999999143,NA,18.42,0.1,102.2,279.5143214285714,245.9804765
2012-03-01,4.242,12.757809677419354,3.73,2025670843.14,5063813573.69,148757.02,4.768538095238095,4.786895238095238,4.5,0.01835714285714296,NA,16.17,0.13,106.16,280.7150519642858,243.4935983333332
2012-04-01,4.2925,13.02576,3.89,1993418064.76,5027747964.92,152252.8,4.743036842105263,4.756231578947368,4.5,0.013194736842105037,NA,17.82,0.14,103.32,274.2192966071428,228.0863108333332
2012-05-01,4.39,13.53816129032258,4.029999999999999,2024555007.15,5055211378.94,154056.2,4.759981818181818,4.7805,4.5,0.02051818181818188,NA,21,0.16,94.65,268.8849035714286,228.87964
2012-06-01,4.335,13.97611,3.8999999999999995,2103633907.43,5100292843.34,156255.13999999998,4.7642428571428574,4.78612380952381,4.5,0.021880952380952223,NA,21.13,0.16,82.3,267.3289217687075,241.9657934920636
2012-07-01,4.1525,13.391945161290323,3.6,2045683289.55,5104114982.75,158400.225,4.778363636363636,4.791468181818182,4.5,0.013104545454545757,NA,17.57,0.16,87.9,332.9988525510204,310.7464380952381
2012-08-01,4.13,13.183329032258065,3.5999999999999996,2065560499.31,5123551112.11,160471.22,4.788634782608695,4.802321739130435,4.5,0.013686956521739901,NA,15.69,0.13,94.13,332.2334953416149,315.5482191304348
2012-09-01,4.1675,13.004493333333333,3.73,2076104427.92,5091448044.76,161298.775,4.80312,4.817845,4.5,0.014725000000000321,NA,15.28,0.14,94.51,320.7059056390978,316.6530515789474
2012-10-01,4.205,12.869145161290323,3.7300000000000004,2051920923.5,5187025103.55,161329.325,4.817995652173913,4.838304347826087,4.5,0.02030869565217408,NA,16.28,0.16,89.49,321.3824173214286,318.4078349275362
2012-11-01,4.286,13.101516666666667,3.65,2134858979.56,5190395258.18,162539.41999999998,4.843565,4.86248,4.5,0.018914999999999793,NA,16.7,0.16,86.53,321.5968704887218,319.4599361904761
2012-12-01,4.0525,12.872983870967742,3.6899999999999995,2278174708.13,5306754530.68,163343.45,4.842157894736842,4.862973684210527,4.5,0.020815789473684454,NA,17.31,0.16,87.86,308.7504005639098,303.0385561403509
2013-01-01,4.154,12.71281935483871,3.55,2173269542.75,5293968556.15,163370.32499999998,4.8409818181818185,4.8526727272727275,4.5,0.011690909090908974,NA,13.51,0.14,94.76,303.3602112244898,288.2103225396826
2013-02-01,4.1850000000000005,12.716382142857142,3.56,2154134554.51,5297301365.86,165138.19999999998,4.820742105263158,4.821,4.5,2.5789473684145747e-4,NA,14.07,0.15,95.31,302.6103404761907,271.6785887037037
2013-03-01,3.9825,12.54896129032258,3.5799999999999996,2174771786.6,5319918051.6,165926.74,4.457711111111111,4.461155555555556,4.112903225806452,0.0034444444444448052,NA,13.03,0.14,92.94,309.579205075188,263.341859
2013-04-01,3.815,12.215603333333334,3.38,2142217470.92,5285413685.63,166437.65,4.333313636363636,4.342795454545454,4,0.009481818181818369,NA,13.97,0.15,92.02,279.7648464285715,264.1702616666668
2013-05-01,3.724,12.239448387096774,3.25,2171176313.68,5326721542.31,167435.02,4.315822727272727,4.320572727272727,4,0.004749999999999588,NA,13.49,0.11,94.51,295.368975,276.0451466666666
2013-06-01,3.7775,12.950203333333333,3.31,2211663708.91,5469573182.35,167085.925,4.30383,4.3153749999999995,4,0.011544999999999916,NA,17.27,0.09,95.77,297.1119132142858,266.8508791666666
2013-07-01,3.8449999999999998,12.7692,3.5000000000000004,2207369360.9,5520228165.17,167023.57499999998,4.3185782608695655,4.322208695652174,4,0.0036304347826083827,NA,13.97,0.09,104.67,279.0132714285715,257.4728933333333
2013-08-01,3.844,12.883483870967742,3.51,2239638324.1,5554395123.7,169622.86,4.305440909090909,4.30895,4,0.003509090909091128,NA,14.21,0.08,106.57,234.9387660714285,258.9259383333334
2013-09-01,3.635,13.089743333333333,3.64,2245970277.9,5534930381.22,171035.975,4.09101,4.091205,3.7916666666666665,1.9500000000061135e-4,NA,14.69,0.08,106.29,207.490173392857,257.499616
2013-10-01,3.39,13.021703225806451,3.5999999999999996,2214060389.41,5600967123.89,172852.075,3.9663695652173914,3.962695652173913,3.693548387096774,-0.003673913043478194,NA,15.41,0.09,100.54,201.7799928571429,278.1495566666667
2013-11-01,3.3875,13.064093333333334,3.8499999999999996,2344972158.49,5698579402.52,174799.88,3.790065,3.787795,3.5,-0.002269999999999772,NA,12.92,0.08,93.86,199.1824441729323,259.7777233333333
2013-12-01,3.2925,13.001045161290323,3.91,2511368572.07,5872306248.22,176132.575,3.790285,3.789715,3.5,-5.699999999997374e-4,NA,14.19,0.09,97.63,197.5534486394558,246.1125787301587
2014-01-01,3.138,13.20103870967742,3.6200000000000006,2453893754.64,5881668900.33,177265.64,3.780859090909091,3.795518181818182,3.5,0.0146590909090909,NA,14.24,0.07,94.62,198.7719886054421,229.9803593650794
2014-02-01,3.1575,13.290671428571429,3.619999999999999,2438087944.29,5859314859.71,180016.05,3.788178947368421,3.800121052631579,3.5,0.011942105263158087,NA,15.47,0.07,100.82,209.3560195488722,242.7982815789473
2014-03-01,3.17,13.214851612903226,3.52,2445032397.04,5852057425.38,181321.525,3.80245,3.80863,3.5,0.006180000000000074,NA,14.84,0.08,100.8,222.3929171768708,275.612493968254
2014-04-01,3.228,13.077116666666667,3.5900000000000003,2460979495.1,5967748670.91,183613.55,3.8052099999999998,3.813015,3.5,0.007805000000000284,NA,14.2,0.09,102.07,222.4304107142858,276.3823612698412
2014-05-01,3.275,12.956232258064516,3.6299999999999994,2489140490.94,5990793818.11,186821.68,3.8019380952380954,3.8149285714285712,3.5,0.012990476190475775,NA,12.48,0.09,102.18,216.9751010204081,287.9128738095238
2014-06-01,3.015,12.975703333333334,3.5500000000000003,2504596297.98,6060946402.78,188764.825,3.4062190476190475,3.415490476190476,3.0833333333333335,0.009271428571428597,NA,11.54,0.1,105.79,202.6338229591838,261.6499006349206
2014-07-01,2.832,12.973,3.54,2531496077.44,6111404448.56,190246.825,3.297617391304348,3.3093608695652175,3,0.011743478260869633,NA,12.3,0.09,103.59,182.29451625,238.549905
2014-08-01,2.7675,13.15001935483871,3.4699999999999998,2545089854.45,6123665718.47,190654.82,3.297409523809524,3.306780952380952,3,0.009371428571428364,NA,13.49,0.09,96.54,176.48208061224491,229.158001111111
2014-09-01,2.83,13.211313333333333,3.5299999999999994,2556416712.16,6114631327.77,190919.275,3.288995238095238,3.295733333333333,3,0.006738095238095099,NA,13.47,0.09,93.21,163.134381292517,211.1711014285714
2014-10-01,2.9,13.47454193548387,3.5300000000000002,2618525167.36,6163058348.86,190949.97999999998,3.2919434782608694,3.301,3,0.00905652173913074,NA,18.06,0.09,84.4,163.3780892857143,210.7249283333333
2014-11-01,2.85,13.590296666666667,3.5699999999999994,2711723106.42,6208067094.41,192113.975,3.2881894736842106,3.2976736842105265,3,0.009484210526315984,NA,13.41,0.09,75.79,178.7085350840336,215.9879182352942
2014-12-01,2.81,14.453035483870968,3.54,2876506247,6356234193.58,192731.3,3.300866666666667,3.3107285714285717,3,0.00986190476190485,NA,16.29,0.12,59.29,178.7129460884353,234.8588366666666
2015-01-01,2.6725000000000003,14.673954838709678,3.5999999999999996,2887393058.55,6497554673.57,193686.96,3.300409523809524,3.3074333333333334,3,0.007023809523809543,NA,19.12,0.11,47.22,174.7948714285715,213.0214075
2015-02-01,2.8125,14.904375,3.59,2869132683.37,6483423543.22,195753.525,3.297284210526316,3.3058736842105265,3,0.008589473684210702,NA,15.9,0.11,50.58,173.7588657894737,201.7420687719298
2015-03-01,3.0374999999999996,15.209970967741935,3.63,2884130823.56,6418897094.02,195319.675,3.3029238095238096,3.3306857142857145,3,0.027761904761904876,NA,14.81,0.11,47.82,174.2938214285714,202.6914266666666
2015-04-01,2.97,15.227456666666667,3.6199999999999997,2922876605.26,6476126231.09,195374.42,3.296875,3.307045,3,0.010170000000000012,NA,13.49,0.12,54.45,172.1515770408164,195.9312282539683
2015-05-01,2.9825,15.253606451612903,3.64,2941241424.77,6536224878.12,194542.8,3.30086,3.311885,3,0.011025000000000063,NA,13.34,0.12,59.27,166.3503894642858,193.2165711666666
2015-06-01,2.9625,15.450556666666667,3.62,2967522802.34,6537726406.15,193031.75,3.305118181818182,3.3139363636363637,3,0.008818181818181614,NA,14.34,0.13,59.82,166.8138607142856,199.8354416666666
2015-07-01,2.988,15.876229032258065,3.6400000000000006,3023155177.7,6548994514.44,191360.06,3.303695652173913,3.3162826086956523,3,0.012586956521739356,NA,14.35,0.13,50.9,179.6085303571429,199.21748
2015-08-01,3.0425,16.50887741935484,3.7699999999999996,3052866100.95,6551246163.17,187795.9,3.3171666666666666,3.354285714285714,3,0.037119047619047496,NA,19.43,0.14,42.87,162.7406991496599,173.5175915873016
2015-09-01,3.1,16.83229,3.6900000000000004,3056561053.01,6558231867.93,183002.925,3.333704761904762,3.3597619047619047,3,0.02605714285714278,NA,24.38,0.14,45.48,166.0776239795919,164.0692201587302
2015-10-01,3.018,16.59931935483871,3.5500000000000007,3103509534.74,6614957229.47,178075.44,3.304109090909091,3.3164045454545454,3,0.012295454545454554,NA,16.79,0.12,46.22,171.4485732142857,165.4514819047619
2015-11-01,3.0149999999999997,16.632193333333333,3.3200000000000003,3129911043.12,6515031607,172839.875,3.316778947368421,3.3795157894736843,3,0.06273684210526342,NA,16.21,0.12,42.44,166.0924240601504,157.8043789473684
2015-12-01,3.142,17.012777419354837,3.2699999999999996,3348743499.9,6761044534.7,174376.06,3.4261909090909093,3.5054863636363636,3.120967741935484,0.07929545454545428,NA,18.03,0.24,37.19,164.0044017857142,163.893455
2016-01-01,3.0825,17.945648387096774,3.22,3296228415.42,6804560202.11,175272.35,3.55669,3.587925,3.25,0.03123499999999968,NA,23.72,0.34,31.68,161.0988768796993,164.6116266666668
2016-02-01,3.3600000000000003,18.45920344827586,3.07,3272357665.54,6771465678.32,175025.65,3.77574,3.80506,3.4741379310344827,0.029320000000000235,NA,22.52,0.38,30.32,159.7168453571428,159.283795
2016-03-01,3.8,17.672083870967743,3.2099999999999995,3301177620.57,6816853592.75,176448.875,4.062965,4.112255,3.75,0.049290000000000056,NA,15.85,0.36,37.55,159.2265321428571,164.0604716666667
2016-04-01,3.7425,17.48096,3.3099999999999996,3318515720.83,6879613016.02,177687.47999999998,4.064257142857143,4.1147904761904766,3.75,0.050533333333333985,NA,14.3,0.37,40.76,164.4654018707482,163.3868377777778
2016-05-01,3.8125,18.05380322580645,3.35,3381895447.01,6987906902.06,177425.4,4.076590909090909,4.138813636363636,3.75,0.062222727272727596,NA,14.85,0.37,46.71,169.0021198979592,157.560342063492
2016-06-01,3.806,18.621266666666667,3.3400000000000003,3440349801.3,7119001193.24,177324.325,4.101845454545455,4.206704545454546,3.7666666666666666,0.10485909090909118,NA,17.77,0.38,48.76,179.9127392857144,156.6950366666667
2016-07-01,4.21,18.588106451612905,3.41,3456182318.39,7168971857.18,177380.02,4.58222380952381,4.68067619047619,4.25,0.09845238095238074,NA,13.16,0.39,44.65,161.8230448214286,133.7102030000001
2016-08-01,4.234999999999999,18.460112903225806,3.3899999999999997,3469969233.88,7116798712.91,176525.725,4.5910652173913045,4.688421739130435,4.25,0.09735652173913056,NA,12.4,0.4,44.72,150.2154124223603,127.8999110144928
2016-09-01,4.284,19.11921,3.3899999999999997,3488334774.98,7231920684.28,176054.68,4.633757142857143,4.737804761904762,4.283333333333333,0.10404761904761894,NA,14.22,0.4,45.18,148.5119017006803,123.2487561904762
2016-10-01,4.6875,18.973193548387098,3.419999999999999,3513857741.25,7269977359.85,175223.35,5.110280952380952,5.188109523809524,4.75,0.07782857142857136,NA,14.59,0.4,49.78,152.6174440476191,122.5585001666668
2016-11-01,5.15,19.969463333333334,3.8899999999999997,3650474084.96,7381047628.01,174495.5,5.35952,5.619655,4.983333333333333,0.260135,NA,15.24,0.41,45.66,151.3314157142857,122.5497977192982
2016-12-01,5.612,20.542816129032257,3.92,3868310952.38,7662999027.08,175958.41999999998,5.864557142857143,6.036466666666667,5.524193548387097,0.17190952380952407,NA,12.47,0.54,51.97,152.729924659864,122.8463255555556
2017-01-01,5.83,21.39549677419355,4.04,3811392752.35,7603905361.09,174778.525,6.130268181818182,6.2844227272727275,5.75,0.15415454545454566,NA,11.61,0.65,52.5,160.0121069642857,137.1457358333333
2017-02-01,6.0575,20.352457142857144,3.94,3798023997.55,7587829340.54,175006.2,6.462226315789474,6.591868421052632,6.107142857142857,0.12964210526315778,NA,11.53,0.66,53.47,162.9625359126985,147.3614421052632
2017-03-01,6.318,19.41648064516129,3.88,3783838369.42,7540815124.36,174791.1,6.638372727272727,6.794340909090909,6.266129032258065,0.1559681818181824,NA,11.9,0.79,49.33,158.9791192546584,146.4314994202899
2017-04-01,6.4975000000000005,18.781216666666666,3.8100000000000005,3812359642.5,7555699222.79,175000.075,6.869372222222222,6.929466666666666,6.5,0.06009444444444423,NA,13.14,0.9,51.06,156.5404520676692,138.4075907017544
2017-05-01,6.5575,18.799709677419354,3.82,3739860927.68,7559946604.3,174982.675,6.989540909090909,7.0621136363636365,6.612903225806452,0.07257272727272746,NA,10.86,0.91,48.48,158.6002196428571,146.4402133333332
2017-06-01,6.816,18.208146666666668,3.7900000000000005,3805689580.4,7676700268.54,174505.24,7.224672727272727,7.3165,6.825,0.0918272727272722,NA,10.51,1.04,45.18,157.9739071428571,157.2461916666666
2017-07-01,6.99,17.854590322580645,3.83,3822383203.04,7739899619.69,173697.45,7.366957142857143,7.382266666666666,7,0.015309523809523107,NA,10.26,1.15,46.63,157.6106458928572,174.5324166666667
2017-08-01,6.938,17.806496774193548,3.85,3777435858.4,7698045371.72,173108.6,7.3756130434782605,7.3843695652173915,7,0.008756521739130996,NA,11.98,1.16,48.04,148.5434303571428,139.0508150724638
2017-09-01,6.985,17.805536666666665,3.7800000000000002,3859419791.22,7846367662.41,173300.13999999998,7.3761809523809525,7.386119047619047,7,0.009938095238094746,NA,10.44,1.15,49.82,147.3158578571429,138.4133923333333
2017-10-01,7.03,18.713616129032257,3.7700000000000005,3920568309.01,7935068634.34,172965.65,7.379090909090909,7.401459090909091,7,0.02236818181818201,NA,10.13,1.15,51.58,148.7223767857143,133.344516031746
2017-11-01,7.018,18.989726666666666,3.8099999999999996,3994732947.19,8061705113.86,172747.15,7.380625,7.41535,7,0.034724999999999895,NA,10.54,1.16,56.64,148.792165892857,138.0459556666667
2017-12-01,7.1675,19.101287096774193,3.8899999999999997,4264017581.97,8394065090.48,172559.06,7.5178789473684215,7.574257894736842,7.145161290322581,0.05637894736842064,NA,10.26,1.3,57.88,149.0874275,147.1032695
2018-01-01,7.245,19.006174193548386,4.03,4075871703.85,8236764222.43,173017.925,7.637372727272727,7.7027636363636365,7.25,0.06539090909090906,NA,11.06,1.41,63.7,155.916875340136,156.3880441269842
2018-02-01,7.395,18.61594285714286,3.91,4075774260.99,8262795220.3,172930.5,7.790831578947368,7.847931578947368,7.4375,0.05710000000000015,NA,22.46,1.42,62.23,163.4609697368421,172.289119122807
2018-03-01,7.472,18.654887096774193,3.85,4138523788.28,8306747097.2,173096.48,7.835236842105263,7.8596315789473685,7.5,0.02439473684210558,NA,19.02,1.51,62.72,172.0765899659864,180.9188158730159
2018-04-01,7.4575,18.34659,4.03,4142745967.14,8399109746.04,173249.675,7.840485714285714,7.858680952380952,7.5,0.018195238095238153,NA,18.27,1.69,66.25,175.6009824829932,180.3764093650793
2018-05-01,7.512,19.455148387096774,3.96,4154520320.45,8467697884.13,173050.575,7.8511500000000005,7.890231818181818,7.5,0.03908181818181777,NA,14.12,1.7,69.98,179.1790589285714,192.70383
2018-06-01,7.635,20.31281,3.82,4286011488.37,8567406925.37,173217.3,7.9398,8.026985714285715,7.583333333333333,0.08718571428571487,NA,13.68,1.82,67.87,165.1402855442176,193.0792198412698
2018-07-01,7.73,19.09663870967742,3.7499999999999996,4173476691.65,8434727583.59,173292.325,8.104209090909091,8.152286363636364,7.75,0.04807727272727291,NA,13.15,1.91,70.98,156.5542654761905,196.8060774603175
2018-08-01,7.73,18.804229032258064,3.6699999999999995,4197524436.42,8506482676.28,173428.6,8.106382608695652,8.143952173913043,7.75,0.03756956521739063,NA,12.55,1.91,68.06,162.5222585403728,211.2920588405797
2018-09-01,7.6850000000000005,19.03591666666667,3.74,4159127404.13,8508985694.16,173551.25,8.114654999999999,8.169975,7.75,0.05532000000000181,NA,12.91,1.95,70.23,154.9450033834586,191.144421754386
2018-10-01,7.6850000000000005,19.09211935483871,3.8099999999999996,4204528593.23,8549110646.41,173564.45,8.119982608695652,8.172704347826087,7.75,0.0527217391304351,NA,19.35,2.19,70.75,160.3655650621117,188.4616066666666
2018-11-01,7.834,20.25495,3.830000000000001,4350488324.33,8701307648.23,173745.56,8.253685,8.37564,7.883333333333334,0.12195499999999981,NA,19.39,2.2,56.96,160.8782076785714,181.552390877193
2018-12-01,8.0225,20.15294193548387,3.74,4492216319.62,8815667166.35,174300.475,8.423831578947368,8.513178947368422,8.096774193548388,0.08934736842105373,NA,24.95,2.27,49.52,167.4898805555556,188.5358362962962
2019-01-01,7.948,19.22744193548387,3.9899999999999998,4323954421.05,8702653500,175053.425,8.5925,8.618154545454546,8.25,0.025654545454546707,NA,19.57,2.4,51.38,166.8462414965987,188.8449496825397
2019-02-01,7.9325,19.183342857142858,4.11,4306875852.8,8744413483.06,175557.125,8.558542105263157,8.568694736842104,8.25,0.01015263157894708,NA,15.23,2.4,54.95,169.6562834586467,177.916701754386
2019-03-01,8.0225,19.248777419354838,4.03,4315849487.16,8826482785.66,176116.66,8.51802,8.519845,8.25,0.0018250000000001876,NA,14.49,2.41,58.15,166.3213319727891,164.5066447619048
2019-04-01,7.779999999999999,19.016303333333333,3.97,4290374415.06,8776012097.96,176511.8,8.497405,8.500875,8.25,0.003470000000000084,NA,12.95,2.42,63.86,161.6533865646259,159.0300887301588
2019-05-01,8.07,19.091909677419356,3.9000000000000004,4338162025.54,8902391031.72,177177.8,8.50690909090909,8.515486363636363,8.25,0.0085772727272726,NA,16.72,2.39,60.83,171.1801535714285,158.281695
2019-06-01,8.25,19.266776666666665,3.8900000000000006,4351788055.2,8934026063.3,178514.52500000002,8.50652,8.51218,8.25,0.0056600000000006645,NA,15.84,2.38,54.66,195.1679223214286,174.6977631666666
2019-07-01,8.1375,19.061893548387097,3.85,4311122441.76,8923500139.27,178858.85,8.47392608695652,8.448660869565217,8.25,-0.025265217391304162,NA,13.31,2.4,57.36,189.4863732142856,163.8767533333334
2019-08-01,8.008000000000001,19.586590322580644,3.81,4390415277.68,9087065056.15,180019.1,8.360768181818182,8.318913636363636,8.112903225806452,-0.041854545454546255,NA,18.98,2.13,54.81,163.6286142857145,149.363005
2019-09-01,7.715,19.60990333333333,3.7199999999999998,4331168999.26,9045053443.32,180108.725,8.185485,8.092335,7.958333333333333,-0.09314999999999962,NA,15.56,2.04,56.95,157.3744366071428,146.5704863333333
2019-10-01,7.658,19.368864516129033,3.61,4337305969.9,8987117432.09,180503.65,7.995778260869566,7.885108695652174,7.75,-0.11066956521739169,NA,15.47,1.83,53.96,167.2977940993788,153.22109
2019-11-01,7.4725,19.307479999999998,3.5600000000000005,4511911114.12,9124889411.18,180545.34,7.86355,7.691755,7.608333333333333,-0.17179500000000036,NA,12.52,1.55,57.05,166.3617855263158,157.5282642592593
2019-12-01,7.1225000000000005,19.16931935483871,3.41,4702035012.05,9326244069.73,180586.9,7.685255,7.54563,7.395161290322581,-0.13962499999999967,NA,13.76,1.55,59.82,167.0590173214286,165.2546408333334
2020-01-01,7.12,18.81445483870968,3.38,4556118434.1,9249820181.36,181743.84,7.527559090909091,7.435040909090909,7.25,-0.09251818181818194,NA,13.94,1.55,57.52,171.8141352040817,178.2417773015873
2020-02-01,6.9625,18.77705172413793,3.4099999999999997,4600700186.36,9390817005.66,183212.275,7.379868421052632,7.285557894736842,7.107142857142857,-0.09431052631579018,NA,19.63,1.58,50.54,168.7445984962405,172.2311028070175
2020-03-01,6.8125,21.97383870967742,3.32,4874195864.95,9750200290.22,184968.225,7.072938095238095,6.953952380952381,6.8,-0.11898571428571447,NA,57.74,0.65,29.21,162.1791482142857,170.8747516666666
2020-04-01,6.092,24.23988333333333,3.59,5109698027.58,10110403045.33,185980.18,6.514605,6.406,6.333333333333333,-0.10860500000000073,NA,41.45,0.05,16.55,147.0121602040815,179.746517936508
2020-05-01,5.465,23.58031935483871,3.4499999999999993,5157284139.82,10091136508.44,187013,5.97005,5.906625,5.709677419354839,-0.06342499999999962,NA,30.9,0.05,28.56,143.9892437500002,174.9549688333334
2020-06-01,5.0625,22.269176666666667,3.53,5173582445.51,10111819915.06,188142.625,5.628013636363637,5.612586363636364,5.4,-0.015427272727272623,NA,31.12,0.08,38.31,148.0423803571428,169.7223366666666
2020-07-01,4.818,22.480296774193548,3.4099999999999997,5246041226.24,10181464958.89,191606.86,5.227478260869566,5.199095652173913,5,-0.028382608695652678,NA,26.84,0.09,40.71,152.5876196428571,170.5741216666668
2020-08-01,4.485,22.231067741935483,3.4699999999999998,5244100368.54,10168640163.36,192895.525,4.947190476190476,4.926233333333333,4.716666666666667,-0.02095714285714312,NA,22.89,0.1,42.34,149.3929998299319,174.182476984127
2020-09-01,4.3825,21.60516,3.579999999999999,5223455851.02,10123059226.98,193561.25,4.709847619047619,4.701714285714286,4.45,-0.008133333333333326,NA,27.65,0.09,39.63,166.6025335034014,204.1373138095238
2020-10-01,4.204,21.380845161290324,3.6099999999999994,5329239333.98,10121155002.45,194173.7,4.530822727272727,4.526477272727273,4.25,-0.00434545454545443,NA,29.44,0.09,39.4,186.7663875,203.4263
2020-11-01,4.2275,20.5333,3.67,5384565666.96,10138130754,194431.675,4.497278947368421,4.486726315789474,4.25,-0.010552631578947036,NA,25,0.09,40.94,190.6250375939849,210.7539364912282
2020-12-01,4.27,19.978174193548387,3.54,5645704961.07,10375726388.31,195257.44,4.485381818181819,4.475481818181819,4.25,-0.00990000000000002,NA,22.37,0.09,47.03,199.1844175170068,217.3125428571429
2021-01-01,4.220000000000001,19.902616129032257,3.46,5589227605.04,10434950529.83,195714.8,4.46687,4.43513,4.25,-0.0317400000000001,NA,24.91,0.09,52.01,231.7544614661655,237.9442498245614
2021-02-01,4.115,20.29247857142857,3.28,5581783983.4,10406909431.85,195604.35,4.353978947368421,4.317557894736842,4.098214285714286,-0.03642105263157891,NA,23.14,0.08,59.05,245.5540565789474,240.8063880701754
2021-03-01,4.054,20.762051612903225,3.2199999999999998,5692423852.13,10516385860.05,194935.3,4.2836181818181815,4.237695454545454,4,-0.04592272727272739,NA,21.84,0.07,62.33,245.7603568322983,229.8875492753623
2021-04-01,4.0649999999999995,20.10944,3.1,5698798441.53,10517260239.6,195222.40000000002,4.284325,4.251195,4,-0.03312999999999988,NA,17.42,0.07,61.72,268.6224488095237,239.9361433333333
2021-05-01,4.0625,19.998767741935485,3.15,5717440525.32,10535614830.13,194580.925,4.285028571428572,4.25782380952381,4,-0.027204761904761732,NA,19.76,0.06,65.17,304.297549659864,278.4470053968253
2021-06-01,4.0225,20.042716666666667,3.32,5758688675.28,10609004518.94,193237.55,4.328231818181818,4.322513636363636,4.05,-0.0057181818181817334,NA,16.96,0.08,71.38,292.5237267857143,238.7670266666666
2021-07-01,4.316,19.98552258064516,3.38,5868894949.56,10687510701.45,193215.76,4.518618181818182,4.579827272727273,4.25,0.06120909090909077,NA,17.6,0.1,72.49,278.445755612245,243.628006984127
2021-08-01,4.455,20.051248387096773,3.5599999999999996,5854176324.51,10743638440.57,196259.275,4.656195454545455,4.7167,4.403225806451613,0.06050454545454542,NA,17.47,0.09,67.73,257.020755357143,274.87603
2021-09-01,4.55,19.99092,3.51,5880840328.4,10767354068.27,200178.6,4.746242857142857,4.796457142857143,4.5,0.05021428571428643,NA,19.82,0.08,71.65,235.8156035714281,269.7335073015873
2021-10-01,4.84,20.47244193548387,3.7699999999999996,5936065869.65,10880791941.99,198592.14,4.986804761904762,5.0781238095238095,4.75,0.09131904761904774,NA,17.87,0.08,81.48,239.60245085034,294.0368182539682
2021-11-01,5.047499999999999,20.78256,3.9599999999999995,6105346298.06,11142674014.99,198900.925,5.137045,5.281595,4.908333333333333,0.14455000000000062,NA,18.5,0.08,79.15,248.7677460714286,317.4373548133334
2021-12-01,5.288,20.9853,4.08,6377133888.75,11409793358.32,201681.94,5.463769565217391,5.634665217391304,5.241935483870968,0.1708956521739129,NA,21.35,0.08,71.71,264.5731467687075,324.0179005555556
2022-01-01,5.525,20.483535483870966,4.1899999999999995,6297482085.39,11226064092.12,201907.875,5.724790476190476,5.868771428571429,5.5,0.14398095238095276,NA,23.18,0.08,83.22,276.7191782142856,326.0816698333334
2022-02-01,5.87,20.48437142857143,4.16,6368246316.43,11367809830.21,201508.95,6.048984210526315,6.208952631578947,5.821428571428571,0.15996842105263198,NA,25.75,0.08,91.64,292.6715930451127,347.5032275000001
2022-03-01,6.31,20.600893548387095,4.74,6352134445.5,11373346107.64,201141.975,6.3568,6.591572727272728,6.112903225806452,0.2347727272727278,NA,26.97,0.2,108.5,335.9306841614907,387.6650136971014
2022-04-01,6.555,20.044516666666667,4.76,6428968873.15,11505044674.99,199927.66,6.733405263157895,6.9926157894736845,6.5,0.25921052631578956,NA,24.37,0.33,101.78,348.5071169642857,406.0268863016667
2022-05-01,6.9125,20.113312903225808,4.69,6419320095.64,11547441760.01,199066.6,7.035268181818182,7.391295454545454,6.806451612903226,0.35602727272727197,NA,29.31,0.77,109.55,344.9092996031747,444.1565678174603
2022-06-01,7.308,19.966496666666668,4.88,6459704343.15,11641724836.25,198688.45,7.458240909090909,7.868527272727273,7.175,0.41028636363636384,NA,28.23,1.21,114.84,335.7171340136054,397.6523199
2022-07-01,7.76,20.530809677419356,4.799999999999999,6511144564.68,11798166561.24,198797.86,8.039657142857143,8.362938095238095,7.75,0.32328095238095145,NA,25,1.68,101.62,312.6820419642856,321.9751276587302
2022-08-01,8.2525,20.126129032258063,4.790000000000001,6447116014.31,11788024400.27,199120.675,8.530265217391305,8.83554347826087,8.233870967741936,0.30527826086956544,NA,22.17,2.33,93.67,293.9307903338509,323.0167687681159
2022-09-01,8.702,20.064006666666668,4.91,6436513271.79,11886203984.48,197750.9,8.925095238095238,9.253709523809524,8.525862068965518,0.32861428571428597,NA,27.34,2.56,84.26,312.5461278911564,346.3221810714287
2022-10-01,8.925,20.02421935483871,5.16,6488318838.89,12011680592.18,196660.1,9.565442857142857,9.915642857142856,9.25,0.3501999999999992,NA,30.01,3.08,87.55,343.5532833333333,353.7129071666667
2022-11-01,9.415,19.497533333333333,5,6602502771.21,12171309335.25,197698.55,10.03384,10.414015,9.75,0.3801749999999995,NA,23.3,3.78,84.37,320.929682857143,344.3298607283333
2022-12-01,9.956,19.569032258064517,4.8999999999999995,6926065214.59,12515612424.98,199162.86000000002,10.548066666666667,10.836780952380952,10.258064516129032,0.2887142857142848,NA,21.78,4.1,76.44,302.2354051020408,323.6548381349207
2023-01-01,10.6125,19.04963548387097,4.98,6670315372.97,12354753948.2,200555.875,10.782818181818183,10.94525909090909,10.5,0.16244090909090758,NA,20.17,4.33,78.12,302.8399883928572,320.0970451249999
2023-02-01,10.9225,18.639010714285714,4.91,6639864718.36,12344729453.13,200605.725,11.125763157894736,11.290063157894737,10.839285714285714,0.16430000000000078,NA,20.12,4.57,76.83,298.2453033834586,332.4120234368421
2023-03-01,11.232,18.417483870967743,4.86,6650740110.32,12427587659.99,201522.54,11.347809090909092,11.521454545454546,11.008064516129032,0.17364545454545421,NA,21.64,4.65,73.28,284.9574049689442,309.4295998550725
2023-04-01,11.2875,18.081906666666665,4.759999999999999,6674672356.47,12492380715.3,202964.125,11.52995,11.64245,11.25,0.11250000000000071,NA,17.82,4.83,79.45,291.1797449248119,312.8108243719297
2023-05-01,11.3225,17.782545161290322,4.550000000000001,6679350987.58,12552103030.69,203076.3,11.533100000000001,11.579586363636365,11.25,0.04648636363636349,NA,17.64,5.06,71.58,268.1725263605443,299.44000625
2023-06-01,11.156,17.30312,4.46,6741457180.83,12748965990.76,203150.66,11.501154545454545,11.508781818181818,11.25,0.007627272727273038,NA,14,5.08,70.25,266.9352396258504,282.2767452825397
2023-07-01,11.215,16.95423870967742,4.359999999999999,6810745353.5,12831420851.97,203865.875,11.501338095238095,11.500690476190476,11.25,-6.476190476192301e-4,NA,13.93,5.12,76.07,235.2719472789116,278.6176009920635
2023-08-01,11.164,16.986093548387096,4.24,6811960060.91,12878461469.08,203737.525,11.499734782608696,11.497173913043477,11.25,-0.0025608695652188374,NA,15.85,5.33,81.39,207.6758886645963,241.4138777536232
2023-09-01,11.075,17.239983333333335,4.06,6850744488.66,12986798581.68,204050.74,11.503052380952381,11.50542380952381,11.25,0.002371428571429135,NA,15.17,5.33,89.43,223.8476664285715,229.390711
2023-10-01,11.0775,18.0542,4.08,6953980120.62,13170781057.5,203961,11.5034,11.507831818181819,11.25,0.00443181818181948,NA,18.89,5.33,85.64,221.90251875,216.4639391269841
2023-11-01,10.888,17.470663333333334,3.9999999999999996,7109144829.09,13407036973.97,205536.7,11.505165,11.50731,11.25,0.0021450000000005076,NA,14.02,5.33,77.69,209.0402968303571,216.000269047619
2023-12-01,11.2125,17.219274193548387,3.93,7442319163.22,13656138124.11,210313.26,11.504152631578947,11.498768421052631,11.25,-0.005384210526315769,NA,12.72,5.33,71.9,207.3979688909774,229.6334125877193
2024-01-01,11.29,17.071474193548386,3.7800000000000002,7281862183.76,13666992284.62,212696.75,11.500813636363636,NA,11.25,NA,NA,13.39,5.33,74.15,198.7579285289115,226.0785319047619
2024-02-01,11.052,17.102606896551723,3.8,7422935452.25,13884032685.3,213295.05,11.49537,11.645694444444445,11.25,0.15032444444444515,NA,13.98,5.33,77.25,188.9477444642856,219.2380684633333
2024-03-01,11.0175,16.81916129032258,3.8199999999999994,7445688555.91,13929171629.65,216258.38,11.427555555555555,11.609705555555555,11.169354838709678,0.18215000000000003,NA,13.79,5.33,81.28,190.2272114285714,211.8410172083334
2024-04-01,10.969999999999999,16.782556666666668,3.8000000000000003,7344490797.92,13968494514.17,217248.125,11.246313636363636,11.408045454545455,11,0.1617318181818188,NA,16.14,5.33,85.35,190.9000500000001,208.3816845
2024-05-01,10.991999999999999,16.80727741935484,3.6899999999999995,7417060185.55,14127074876.56,218472.06,11.239927272727272,11.4071,11,0.16717272727272814,NA,13.06,5.33,80.02,201.0194705357142,227.4307704166667
2024-06-01,10.9675,18.041903333333334,3.79,7509316809.57,14292507103.54,219760.85,11.244845,11.394175,11,0.14933000000000085,NA,12.67,5.33,79.77,191.2409429464286,205.2260548983333
2024-07-01,10.92,18.070593548387098,3.6599999999999997,7517595351.23,14404271328.37,221230,11.245586956521738,11.405569565217391,11,0.15998260869565328,NA,14.37,5.33,81.8,177.7677084464286,183.2256341666667
2024-08-01,10.756,19.058312903225808,3.509999999999999,7601890449.81,14542159653.62,223976.08,11.069009090909091,11.225404545454545,10.816666666666666,0.15639545454545356,NA,19.31,5.33,76.68,169.2967424107143,175.5104662666666
2024-09-01,10.4375,19.639676666666666,3.7300000000000004,7620776900.29,14631779107.32,226211.57499999998,10.937165,11.137805,10.716666666666667,0.20063999999999993,NA,17.66,5.13,70.24,183.6558276597744,188.5052165740741
2024-10-01,10.242,19.67153870967742,3.79,7667574679.44,14796447103.8,226205.725,10.734045454545456,10.891136363636363,10.5,0.15709090909090762,NA,19.96,4.83,71.99,189.5879058618013,197.3719458333333
2024-11-01,10.05,20.29187,3.8300000000000005,7962476750.36,15105897474.07,226272.56,10.594095,10.79845,10.362068965517242,0.2043550000000014,NA,16.02,4.64,69.95,201.3082701884922,185.7347870824562
2024-12-01,9.8475,20.243790322580647,3.75,8304519124.43,15570861076.71,228604.47499999998,10.36922,10.641445000000001,10.153225806451612,0.2722250000000006,NA,15.87,4.48,70.12,202.8299610267858,185.7943505
