fecha,tc_fix,cetes28,expectativa,petroleo
01/01/2004,10.96067419,4.9525,2.12,34.31
01/02/2004,11.01850345,5.57,2.63,34.69
01/03/2004,10.99782903,6.2775,2.76,36.74
01/04/2004,11.24264667,5.98,3.46,36.75
01/05/2004,11.50777419,6.5925,3.51,40.28
01/06/2004,11.37502,6.57,3.51,38.03
01/07/2004,11.4764,6.81,3.52,40.78
01/08/2004,11.3992,7.2125,3.58,44.9
01/09/2004,11.49256333,7.36,3.61,45.94
01/10/2004,11.39055484,7.7575,4.11,53.28
01/11/2004,11.38322667,8.2025,4.17,48.47
01/12/2004,11.20769032,8.502,4.2,43.15
01/01/2005,11.26067419,8.6025,4.11,46.84
01/02/2005,11.14702857,9.1475,4.24,48.15
01/03/2005,11.13873548,9.408,4.13,54.19
01/04/2005,11.12668667,9.625,4.11,52.98
01/05/2005,10.98908387,9.75,4.08,49.83
01/06/2005,10.83101667,9.626,4.2,56.35
01/07/2005,10.69057097,9.6125,4.09,59
01/08/2005,10.66766452,9.595,4,64.99
01/09/2005,10.78028333,9.214,3.87,65.59
01/10/2005,10.83860968,8.9075,3.77,62.26
01/11/2005,10.68757,8.705,3.67,58.32
01/12/2005,10.61519355,8.222,3.6,59.41
01/01/2006,10.56963871,7.88,3.51,65.49
01/02/2006,10.48425714,7.6075,3.38,61.63
01/03/2006,10.69771935,7.366,3.51,62.69
01/04/2006,11.02994333,7.17,3.64,69.44
01/05/2006,11.07151613,7.0175,3.71,70.84
01/06/2006,11.38702333,7.02,3.69,70.95
01/07/2006,11.03921613,7.0325,3.6,74.41
01/08/2006,10.87617097,7.032,3.63,73.04
01/09/2006,10.97558333,7.055,3.63,63.8
01/10/2006,10.91244839,7.05,3.07,58.89
01/11/2006,10.87905,7.042,3.46,59.08
01/12/2006,10.87084194,7.035,3.47,61.96
01/01/2007,10.93192258,7.035,3.55,54.51
01/02/2007,10.981975,7.04,3.62,59.28
01/03/2007,11.12236774,7.044,3.58,60.44
01/04/2007,10.99080667,7.005,3.66,63.98
01/05/2007,10.83582258,7.236,3.62,63.46
01/06/2007,10.83518667,7.195,3.67,67.49
01/07/2007,10.79959355,7.185,3.74,74.12
01/08/2007,11.04242903,7.204,3.64,72.36
01/09/2007,11.03761667,7.205,3.7,79.92
01/10/2007,10.84063226,7.2,3.75,85.8
01/11/2007,10.85821333,7.438,3.85,94.77
01/12/2007,10.85205806,7.4375,3.88,91.69
01/01/2008,10.91740645,7.416,3.64,92.97
01/02/2008,10.78461379,7.4275,3.62,95.39
01/03/2008,10.73085484,7.4325,3.59,105.45
01/04/2008,10.52556333,7.442,3.63,112.58
01/05/2008,10.45804194,7.4375,3.7,125.4
01/06/2008,10.32861667,7.555,3.75,133.88
01/07/2008,10.23760968,7.926,3.87,133.37
01/08/2008,10.09196452,8.1775,4.26,116.67
01/09/2008,10.60434,8.165,4.21,104.11
01/10/2008,12.48947419,7.742,4.23,76.61
01/11/2008,13.09469,7.43,4.19,57.31
01/12/2008,13.37362903,8.016,4.21,41.12
01/01/2009,13.86394194,7.59,3.97,41.71
01/02/2009,14.50218571,7.1175,4.17,39.09
01/03/2009,14.72082581,7.0325,4.18,47.94
01/04/2009,13.47903,6.046,4.13,49.65
01/05/2009,13.25065161,5.2925,4.13,59.03
01/06/2009,13.34373667,4.9775,3.97,69.64
01/07/2009,13.36679355,4.59,3.95,64.15
01/08/2009,13.01393548,4.485,4.09,71.05
01/09/2009,13.40756667,4.4825,4.15,69.41
01/10/2009,13.25259032,4.512,4.33,75.72
01/11/2009,13.13145,4.5075,4.76,77.99
01/12/2009,12.85556129,4.502,4.89,74.47
01/01/2010,12.83262903,4.4925,4.49,78.33
01/02/2010,12.96184643,4.485,4.22,76.39
01/03/2010,12.60465161,4.448,4.05,81.2
01/04/2010,12.26208,4.4375,4.04,84.29
01/05/2010,12.68246774,4.515,4.15,73.74
01/06/2010,12.71818333,4.59,4.13,75.34
01/07/2010,12.83340645,4.594,4.16,76.32
01/08/2010,12.72952258,4.5175,4.07,76.6
01/09/2010,12.86421,4.426,4.01,75.24
01/10/2010,12.4556871,4.025,3.83,81.89
01/11/2010,12.31381,3.97,3.76,84.25
01/12/2010,12.40058065,4.304,3.73,89.15
01/01/2011,12.15320645,4.135,3.77,89.17
01/02/2011,12.07712143,4.0425,3.81,88.58
01/03/2011,12.01917097,4.268,3.74,102.86
01/04/2011,11.75536333,4.2775,3.84,109.53
01/05/2011,11.65233548,4.31,4.02,100.9
01/06/2011,11.80157,4.372,4.06,96.26
01/07/2011,11.67069355,4.14,3.93,97.3
01/08/2011,12.2,4.0525,4.03,86.33
01/09/2011,12.92340667,4.228,3.93,85.52
01/10/2011,13.46867742,4.36,3.8,86.32
01/11/2011,13.63712333,4.35,3.68,97.16
01/12/2011,13.74812903,4.338,3.67,98.56
01/01/2012,13.48801613,4.2725,3.63,100.27
01/02/2012,12.80355862,4.3225,3.61,102.2
01/03/2012,12.75780968,4.242,3.73,106.16
01/04/2012,13.02576,4.2925,3.89,103.32
01/05/2012,13.53816129,4.39,4.03,94.66
01/06/2012,13.97611,4.335,3.9,82.3
01/07/2012,13.39194516,4.1525,3.6,87.9
01/08/2012,13.18332903,4.13,3.6,94.13
01/09/2012,13.00449333,4.1675,3.73,94.51
01/10/2012,12.86914516,4.205,3.73,89.49
01/11/2012,13.10151667,4.286,3.65,86.53
01/12/2012,12.87298387,4.0525,3.69,87.86
01/01/2013,12.71281935,4.154,3.55,94.76
01/02/2013,12.71638214,4.185,3.56,95.31
01/03/2013,12.54896129,3.9825,3.58,92.94
01/04/2013,12.21560333,3.815,3.38,92.02
01/05/2013,12.23944839,3.724,3.25,94.51
01/06/2013,12.95020333,3.7775,3.31,95.77
01/07/2013,12.7692,3.845,3.5,104.67
01/08/2013,12.88348387,3.844,3.51,106.57
01/09/2013,13.08974333,3.635,3.64,106.29
01/10/2013,13.02170323,3.39,3.6,100.54
01/11/2013,13.06409333,3.3875,3.85,93.86
01/12/2013,13.00104516,3.2925,3.91,97.63
01/01/2014,13.20103871,3.138,3.62,94.62
01/02/2014,13.29067143,3.1575,3.62,100.82
01/03/2014,13.21485161,3.17,3.52,100.8
01/04/2014,13.07711667,3.228,3.59,102.07
01/05/2014,12.95623226,3.275,3.63,102.18
01/06/2014,12.97570333,3.015,3.55,105.79
01/07/2014,12.973,2.832,3.54,103.59
01/08/2014,13.15001935,2.7675,3.47,96.54
01/09/2014,13.21131333,2.83,3.53,93.21
01/10/2014,13.47454194,2.9,3.53,84.4
01/11/2014,13.59029667,2.85,3.57,75.79
01/12/2014,14.45303548,2.81,3.54,59.29
01/01/2015,14.67395484,2.6725,3.6,47.22
01/02/2015,14.904375,2.8125,3.59,50.58
01/03/2015,15.20997097,3.0375,3.63,47.82
01/04/2015,15.22745667,2.97,3.62,54.45
01/05/2015,15.25360645,2.9825,3.64,59.27
01/06/2015,15.45055667,2.9625,3.62,59.82
01/07/2015,15.87622903,2.988,3.64,50.9
01/08/2015,16.50887742,3.0425,3.77,42.87
01/09/2015,16.83229,3.1,3.69,45.48
01/10/2015,16.59931935,3.018,3.55,46.22
01/11/2015,16.63219333,3.015,3.32,42.44
01/12/2015,17.01277742,3.142,3.27,37.19
01/01/2016,17.94564839,3.0825,3.22,31.68
01/02/2016,18.45920345,3.36,3.07,30.32
01/03/2016,17.67208387,3.8,3.21,37.55
01/04/2016,17.48096,3.7425,3.31,40.75
01/05/2016,18.05380323,3.8125,3.35,46.71
01/06/2016,18.62126667,3.806,3.34,48.76
01/07/2016,18.58810645,4.21,3.41,44.65
01/08/2016,18.4601129,4.235,3.39,44.72
01/09/2016,19.11921,4.284,3.39,45.18
01/10/2016,18.97319355,4.6875,3.42,49.78
01/11/2016,19.96946333,5.15,3.89,45.66
01/12/2016,20.54281613,5.612,3.92,51.97
01/01/2017,21.39549677,5.83,4.04,52.5
01/02/2017,20.35245714,6.0575,3.94,53.47
01/03/2017,19.41648065,6.318,3.88,49.33
01/04/2017,18.78121667,6.4975,3.81,51.06
01/05/2017,18.79970968,6.5575,3.82,48.48
01/06/2017,18.20814667,6.816,3.79,45.18
01/07/2017,17.85459032,6.99,3.83,46.63
01/08/2017,17.80649677,6.938,3.85,48.04
01/09/2017,17.80553667,6.985,3.78,49.82
01/10/2017,18.71361613,7.03,3.77,51.58
01/11/2017,18.98972667,7.018,3.81,56.64
01/12/2017,19.1012871,7.1675,3.89,57.88
01/01/2018,19.00617419,7.245,4.03,63.7
01/02/2018,18.61594286,7.395,3.91,62.23
01/03/2018,18.6548871,7.472,3.85,62.73
01/04/2018,18.34659,7.4575,4.03,66.25
01/05/2018,19.45514839,7.512,3.96,69.98
01/06/2018,20.31281,7.635,3.82,67.87
01/07/2018,19.09663871,7.73,3.75,70.98
01/08/2018,18.80422903,7.73,3.67,68.06
01/09/2018,19.03591667,7.685,3.74,70.23
01/10/2018,19.09211935,7.685,3.81,70.75
01/11/2018,20.25495,7.834,3.83,56.96
01/12/2018,20.15294194,8.0225,3.74,49.52
01/01/2019,19.22744194,7.948,3.99,51.38
01/02/2019,19.18334286,7.9325,4.11,54.95
01/03/2019,19.24877742,8.0225,4.03,58.15
01/04/2019,19.01630333,7.78,3.97,63.86
01/05/2019,19.09190968,8.07,3.9,60.83
01/06/2019,19.26677667,8.25,3.89,54.66
01/07/2019,19.06189355,8.1375,3.85,57.35
01/08/2019,19.58659032,8.008,3.81,54.81
01/09/2019,19.60990333,7.715,3.72,56.95
01/10/2019,19.36886452,7.658,3.61,53.96
01/11/2019,19.30748,7.4725,3.56,57.03
01/12/2019,19.16931935,7.1225,3.41,59.88
01/01/2020,18.81445484,7.12,3.38,57.52
01/02/2020,18.77705172,6.9625,3.41,50.54
01/03/2020,21.97383871,6.8125,3.32,29.21
01/04/2020,24.23988333,6.092,3.59,16.55
01/05/2020,23.58031935,5.465,3.45,28.56
01/06/2020,22.26917667,5.0625,3.53,38.31
01/07/2020,22.48029677,4.818,3.41,40.71
01/08/2020,22.23106774,4.485,3.47,42.34
01/09/2020,21.60516,4.3825,3.58,39.63
01/10/2020,21.38084516,4.204,3.61,39.4
01/11/2020,20.5333,4.2275,3.67,40.94
01/12/2020,19.97817419,4.27,3.54,47.02
01/01/2021,19.90261613,4.22,3.46,52
01/02/2021,20.29247857,4.115,3.28,59.04
01/03/2021,20.76205161,4.054,3.22,62.33
01/04/2021,20.10944,4.065,3.1,61.72
01/05/2021,19.99876774,4.0625,3.15,65.17
01/06/2021,20.04271667,4.0225,3.32,71.38
01/07/2021,19.98552258,4.316,3.38,72.49
01/08/2021,20.05124839,4.455,3.56,67.73
01/09/2021,19.99092,4.55,3.51,71.65
01/10/2021,20.47244194,4.84,3.77,81.48
01/11/2021,20.78256,5.0475,3.96,79.15
01/12/2021,20.9853,5.288,4.08,71.71
01/01/2022,20.48353548,5.525,4.19,83.22
01/02/2022,20.48437143,5.87,4.16,91.64
01/03/2022,20.60089355,6.31,4.74,108.5
01/04/2022,20.04451667,6.555,4.76,101.78
01/05/2022,20.1133129,6.9125,4.69,109.55
01/06/2022,19.96649667,7.308,4.88,114.84
01/07/2022,20.53080968,7.76,4.8,101.62
01/08/2022,20.12612903,8.2525,4.79,93.67
01/09/2022,20.06400667,8.702,4.91,84.26
01/10/2022,20.02421935,8.925,5.16,87.55
01/11/2022,19.49753333,9.415,5,84.37
01/12/2022,19.56903226,9.956,4.9,76.44
01/01/2023,19.04963548,10.6125,4.98,78.12
01/02/2023,18.63901071,10.9225,4.91,76.83
01/03/2023,18.41748387,11.232,4.86,73.28
01/04/2023,18.08190667,11.2875,4.76,79.45
01/05/2023,17.78254516,11.3225,4.55,71.58
01/06/2023,17.30312,11.156,4.46,70.25
01/07/2023,16.95423871,11.215,4.36,76.07
01/08/2023,16.98609355,11.164,4.24,81.39
01/09/2023,17.23998333,11.075,4.06,89.43
01/10/2023,18.0542,11.0775,4.08,85.64
01/11/2023,17.47066333,10.888,4,77.69
01/12/2023,17.21927419,11.2125,3.93,71.9
01/01/2024,17.07147419,11.29,3.78,74.15
01/02/2024,17.1026069,11.052,3.8,77.25
01/03/2024,16.81916129,11.0175,3.82,81.28
01/04/2024,16.78255667,10.97,3.8,85.35
01/05/2024,16.80727742,10.992,3.69,80.02
01/06/2024,18.04190333,10.9675,3.79,79.77
01/07/2024,18.07059355,10.92,3.66,81.8
01/08/2024,19.0583129,10.756,3.51,76.68
01/09/2024,19.63967667,10.4375,3.73,70.24
01/10/2024,19.67153871,10.242,3.79,71.99
01/11/2024,20.29187,10.05,3.83,69.95
01/12/2024,20.24379032,9.8475,3.75,70.12
